sites;Status;Emails trouvés;Réseaux sociaux;Dirigeant trouvé;Source du pattern;Email nominatif généré;Résultat SMTP;Serveur MX;Catch-all;Nb formats testés;Niveau de confiance
https://www.yakithaispa.fr/;;;;;;;;;;0;
http://www.linstant-bien-etre-spa.fr/;;;https://www.instagram.com/l_instant_bien_etre_spa/?hl=fr;;;;;;;0;
https://chrysalide-spa.fr/;;;https://www.facebook.com/chrysalide.beautebienetre/, https://www.instagram.com/chrysalide_spa_rodez/;;;;;;;0;
https://www.ecleasoins.fr/;;;https://www.facebook.com/ecleadrainagelymphatique, https://www.instagram.com/eclea_institut/?hl=fr, https://www.instagram.com/eclea_soins/?hl=fr;;;;;;;0;
https://www.ilot-cosy-and-spa.fr/fr;;;;;;;;;;0;
https://bynaturespa.squarespace.com/;;;;;;;;;;0;
http://www.cantemerle-hotel-vence.com/;;info@hotelcantemerle.com;https://www.facebook.com/Hotel.Cantemerle, https://www.instagram.com/cantemerle_vence/?hl=fr, https://www.instagram.com/explore/tags/moncantemerle/?hl=fr, https://www.instagram.com/explore/tags/mycantemerle/?hl=fr;Christian EBERHARDT;dirigeant trouvé via SIREN 330093626 (API recherche-entreprises.api.gouv.fr);christian.eberhardt@hotelcantemerle.com;Aucun format validé par SMTP;hotelcantemerle-com.mail.protection.outlook.com;Non;8;Très faible
http://www.lepredescolombiers.fr/;;;https://www.facebook.com/gitesenpaysdauge, https://www.instagram.com/lepredescolombiers/;;;;;;;0;
https://lehameaudegalice.com/;;;;;;;;;;0;
https://www.golfdeclecy.fr/;;;https://www.facebook.com/domainedeclecy, https://www.instagram.com/domaine_du_golf_de_clecy/?hl=fr;;;;;;;0;
https://rouet-nature.fr/;;;https://www.facebook.com/rouet.nature, https://www.instagram.com/rouet_nature/;;;;;;;0;
http://www.collineduchatperche.fr/;;;https://instagram.com/lacollineduchatperche?igshid=MzNlNGNkZWQ4Mg==, https://www.facebook.com/12170connac;;;;;;;0;
http://gite-vert-anduze.com/;;contact@gitevert-anduze.fr;https://www.facebook.com/anduzegitechambre/, https://www.facebook.com/anduzegitechambrelabahou/?locale=fr_FR, https://www.instagram.com/gite.chambre.anduze.cevennes/, https://www.instagram.com/gites.chambre.labahou.anduze/, https://www.instagram.com/p/C8ZTMVmILiR/, https://www.instagram.com/p/C8o3QFHIv2g/, https://www.instagram.com/p/C97lYR0IdFv/, https://www.instagram.com/p/C9hw1_WoWEo/, https://www.instagram.com/p/C9mGoyaIP8s/, https://www.instagram.com/p/C9rtc9BIJ-d/;Aurelie SERRE;dirigeant trouvé via SIREN 493096903 (API recherche-entreprises.api.gouv.fr);aurelie.serre@gitevert-anduze.fr;Aucun format validé par SMTP;mail.gitevert-anduze.fr;Non;8;Très faible
https://masdeboissiere-cros-cevennes.fr/;;;https://www.facebook.com/Nessabienetre/, https://www.facebook.com/masdeboissiere30, https://www.instagram.com/masdeboissiere;;;;;;;0;
http://moulindejouenery.fr/;;;;;;;;;;0;
https://gitelaruine.ellohaweb.com/;;;https://www.facebook.com/fermegrollemund/?locale=fr_FR, https://www.facebook.com/profile.php?id=61554991569934, https://www.instagram.com/gitelaruine/;;;;;;;0;
http://leclosdesvignes.alsace/;;;https://www.facebook.com/leclosdesvignes68, https://www.instagram.com/leclosdesvignes68;;;;;;;0;
https://www.lodges-spas-meisenthal.fr/;;contact@lodges-spas-meisenthal.fr;https://www.facebook.com/SPASetGitesMeisenthal/, https://www.instagram.com/gites.spas.meisenthal/;Frederic STEINER;dirigeant trouvé via SIREN 424922409 (API recherche-entreprises.api.gouv.fr);frederic.steiner@lodges-spas-meisenthal.fr;Aucun format validé par SMTP;mx1.mail.ovh.net;Non;8;Très faible
http://lidylle.fr/;;;https://www.facebook.com/Segonzac19310/;;;;;;;0;
http://www.hostellerie-chateaux.fr/;;info@leschateaux.fr;https://www.instagram.com/leschateauxspa/;;;;;;;0;
http://hotel-clinique-repos.com/soins-spa/;;;;;;;;;;0;
http://www.lesrevesdebaiedesomme.com/;;;https://www.facebook.com/lesrevesdebaiedesomme?locale=fr_FR, https://www.instagram.com/lesrevesdebaiedesomme;;;;;;;0;
http://www.relais-du-beffroi.fr/;;;;;;;;;;0;
http://moulinbrune.fr/;;;https://www.instagram.com/moulinbrune/;;;;;;;0;
http://www.myspa-attitude.fr/;;contact@aqua-attitude.fr;https://www.facebook.com/aquaattitude;;;;;;;0;
http://www.bellile.com/;;;;;;;;;;0;
https://www.lasuiteprivee.fr/;;;;;;;;;;0;
https://lyon-ouest.goldentulip.com/;;;;;;;;;;0;
https://www.gite-country-cottage-01.fr/;;;;;;;;;;0;
https://chateau-de-maillat.com/;;contact@chateau-de-maillat.com;;Edouard RAVIOT DE SAINT ANTHOST;dirigeant trouvé via SIREN 493624027 (API recherche-entreprises.api.gouv.fr);edouard.raviotdesaintanthost@chateau-de-maillat.com;Aucun format validé par SMTP;mx00.ionos.fr;Non;8;Très faible
https://hotel-resto-lounge-spa-romillysurseine.fr/;;;http://facebook.com/auberge.nicey;;;;;;;0;
https://dreamspa.fr/;;;;;;;;;;0;
https://www.belenos-suites-spa.com/;;contact@belenos-suites.fr;"https://www.facebook.com/profile.php?id=61561101518420&amp;locale=fr_FR, https://www.instagram.com/belenos21360/";Richard DELOIRE;dirigeant trouvé via SIREN 952190429 (API recherche-entreprises.api.gouv.fr);richard.deloire@belenos-suites.fr;Aucun format validé par SMTP;mx1.hostinger.com;Non;8;Très faible
https://unepauseadeux.fr/;;contact@unepauseadeux.com, contact@unepauseadeux.fr;"https://www.facebook.com/profile.php?id=100090330901438&amp;locale=fr_FR, https://www.instagram.com/unepauseadeux/?fbclid=IwAR2O9xjHrNi3CtUgD1ROPly2I8ZVzQ92c3Vu3bJUsOs0m06lwEDf3Gb5aWk";Madeline FERREBOEUF;dirigeant trouvé via SIREN 913857272 (API recherche-entreprises.api.gouv.fr);madeline.ferreboeuf@unepauseadeux.com;Aucun format validé par SMTP;mail.unepauseadeux.com;Non;8;Très faible
https://www.parchotel-alsace.com/?utm_source=google&utm_medium=organic&utm_campaign=fiche;;;http://www.facebook.com/parchotel.wangenbourg;;;;;;;0;
http://www.lamaisondejadespa.com/;;;https://www.facebook.com/lamaisondejade26, https://www.instagram.com/lamaisondejade26.fr;;;;;;;0;
http://closgrimont.com/;;;https://www.facebook.com/closgrimont, https://www.instagram.com/clos_grimont_poligny/;;;;;;;0;
https://ressource-dame.fr/;;;;;;;;;;0;
http://www.la-gatine.fr/;;;;;;;;;;0;
https://www.paradissecretspa.fr/;;;https://facebook.com/sharer/sharer.php?u=https://www.paradissecretspa.fr, https://www.facebook.com/paradissecretspa;;;;;;;0;
https://www.clos-saint-paul.com/;;;https://www.facebook.com/leclossaintpaul, https://www.instagram.com/clos.saintpaul/, https://www.instagram.com/muse_photographies/;;;;;;;0;
http://www.zenia-hotel-spa.fr/;;;https://www.facebook.com/Zenia-Hotel-Restaurant-Spa-103843401703116/, https://www.instagram.com/zenia_hotel_restaurant_spa/;;;;;;;0;
https://rspire.reservio.com/?utm_id=97759_v0_s00_e227_tv3_tp1&fbclid=IwRlRTSASyV_VleHRuA2FlbQIxMABzcnRjBmFwcF9pZAo2NjI4NTY4Mzc5AAEec6ySQ7OsIpmJts3Vu_F3pkLh7SQqQoSKPC7mpZq6H99H8dPOaSvMq2RnwMg_aem_ltByj0jSvY1BlG0hHSjSmA#services;;;https://www.facebook.com/jacuzziprivatif78700;;;;;;;0;
http://www.clos-celeste.com/;;;https://www.facebook.com/closcelesteetretat/, https://www.instagram.com/clos_celeste/;;;;;;;0;
https://www.hotel-de-brunville.com/;;reception@lebrunville.com;https://www.facebook.com/hotelbrunville/, https://www.instagram.com/grandhotelduluxembourg/;;email nominatif déjà trouvé sur le site (format non identifié);;;;;0;
https://www.grand-hotel-luxembourg.com/;;reception@gdluxembourg.com;https://www.facebook.com/grandhotelduluxembourg/, https://www.instagram.com/grandhotelduluxembourg/;;email nominatif déjà trouvé sur le site (format non identifié);;;;;0;
https://www.domaineduchatelet.com/;;;;;;;;;;0;
http://www.hotel-rambouillet.com/;;b.dedeler@hotel-rambouillet.fr;https://www.facebook.com/bwrambouillet/, https://www.instagram.com/bwrambouillet/;;email nominatif déjà trouvé sur le site (initiale.nom);;;;;0;
https://www.hotel-lesvagues-arcachon.com/;;contact@lesvagues.fr;https://www.facebook.com/profile.php?id=61558428298140, https://www.instagram.com/lesvagueshotelspa/;;;;;;;0;
http://escapade-en-luberon.com/;;;;;;;;;;0;
http://www.maisonelincourt.com/;;;;;;;;;;0;
https://vichy.kyriad.com/fr-fr/;;;;;;;;;;0;
https://www.loreedes4chemins.fr/;;contact@loreedes4chemins.fr;https://www.facebook.com/profile.php?id=61560670648579;Xavier MALLEIN;dirigeant trouvé via SIREN 523826592 (API recherche-entreprises.api.gouv.fr);xavier.mallein@loreedes4chemins.fr;Catch-all confirmé (aucun format vérifiable par SMTP);loreedes4chemins-fr.mail.protection.outlook.com;Oui;0;Très faible
http://www.auvergne-chalets.fr/;;;https://www.facebook.com/Ecrin.Auvergne.lodge.spa.privatif/, https://www.instagram.com/lodges_ecrindauvergne/;;;;;;;0;
http://www.cosyloftspa.com/;;;;;;;;;;0;
https://www.la-belle-epoque-cournon.fr/;;;"https://www.instagram.com/la_belle.epoque_cournon?igsh=MWpwYW54aXB6amdwcA%3D%3D&amp;utm_source=qr";;;;;;;0;
https://www.domainesaintflorent.com/fr;;;;;;;;;;0;
https://www.bacam-spa-privatif.com/;;;https://instagram.com/bacam.spa?igshid=ZDdkNTZiNTM=, https://www.facebook.com/profile.php?id=100083093564100;;;;;;;0;
https://www.leslodgessaintevictoire.com/;;;https://www.facebook.com/LesLodgesSainteVictoire/, https://www.instagram.com/leslodgessaintevictoire/;;;;;;;0;
https://www.grandesetapes.com/chateau-hotel-isenbourg-alsace?utm_source=google&utm_medium=gmb&utm_campaign=gmb-ise;;;;;;;;;;0;
http://www.le-domaine-enchante.fr/;;;"https://www.facebook.com/p/Le-Domaine-Enchant&#233;-100063997515101/, https://www.instagram.com/ledomaineenchante/#";;;;;;;0;
https://unenuitauspa.com/;;;;;;;;;;0;
https://www.suite-eden-spa.com/;;;https://www.facebook.com/profile.php?id=61571214915447.com, https://www.instagram.com/suiteedenspa/;;;;;;;0;
https://www.maspuig.com/;;;https://www.facebook.com/gitesmaspuig, https://www.instagram.com/gitesmaspuig/;;;;;;;0;
https://www.hotel-lechapitre.com/;;contact@hotel-lechapitre.com;https://www.facebook.com/LeChapitreHotel/, https://www.instagram.com/lechapitrehotel/;;;;;;;0;
https://www.epinalhotellafayette.com/;;;https://www.facebook.com/bestwesternpluslafayette/, https://www.instagram.com/lafayettehotelepinal/;;;;;;;0;
https://www.hotel-interlaken.fr/;;;https://www.facebook.com/H%C3%B4tel-Interlaken-1521362364653517/, https://www.instagram.com/hotel_interlaken/;;;;;;;0;
https://www.giterochedesducs.com/;;;https://www.facebook.com/giterochedesducs, https://www.instagram.com/giterochedesducs/;;;;;;;0;
https://www.gitelavosgienne.com/;;contact@gitelavosgienne.com, contact@gitelavosgienne.comt;https://www.facebook.com/gitelavosgienne, https://www.instagram.com/gite_la_vosgienne/;;;;;;;0;
https://www.hotelpechedevigne.fr/;;;https://www.facebook.com/PecheDeVigne, https://www.instagram.com/pechedevigne/;;;;;;;0;
https://www.hotel-altitude.fr/;;;https://www.facebook.com/altitude54, https://www.instagram.com/altitude_et_spa/;;;;;;;0;
https://www.les-finesbulles.com/;;;;;;;;;;0;
https://www.chambre-spa-privatif-somme.fr/;;;https://www.facebook.com/loftsweetloft, https://www.instagram.com/p/DY4E4xziHCH/, https://www.instagram.com/reel/DSK6zlRDAfw/, https://www.instagram.com/reel/DTlSfioDOgs/, https://www.instagram.com/reel/DZNQ__vsiaJ/, https://www.instagram.com/reel/Da3Djs0EsVt/, https://www.instagram.com/reel/Da6Do3oML1t/, https://www.instagram.com/sweetyloft/;;;;;;;0;
https://www.ternelia-lm.com/hotel/chadenas-spa-embrun/;;accueil.ileducheran@ternelia.com, aide.reservation@ternelia.com;https://www.facebook.com/profile.php?id=61582797743599&locale=fr_FR, https://www.instagram.com/ternelia_lm;;email nominatif déjà trouvé sur le site (prenom.nom);;;;;0;
http://www.hotelvillaromanticparis.com/;;;https://instagram.com/villaromanticparis, https://www.facebook.com/villaromanticparis/;;;;;;;0;
http://www.taimhotel.com/;;direction@taimhotel.com;https://www.facebook.com/141508103066448, https://www.instagram.com/taimhotel/;Nathalie FONTAINE (FERNANDES DE AZEVEDO);dirigeant trouvé via SIREN 819608118 (API recherche-entreprises.api.gouv.fr);nathalie.fontainefernandesdeazevedo@taimhotel.com;Catch-all confirmé (aucun format vérifiable par SMTP);taimhotel-com.mail.protection.outlook.com;Oui;0;Très faible
https://www.nuitsdycimes.fr/;;;https://www.facebook.com/nuitsdycimes, https://www.instagram.com/nuitsdycimes;;;;;;;0;
https://www.lajarbelle.com/;;;https://www.facebook.com/gitelajarbelle, https://www.facebook.com/profile.php?id=61562764173280, https://www.facebook.com/share.php?u=https%3A%2F%2Fwww.lajarbelle.com%2Findex.php%2Factivity%2Frandonnees-pedestres%2F, https://www.facebook.com/share.php?u=https%3A%2F%2Fwww.lajarbelle.com%2Findex.php%2Factivity%2Frandonnees_vtt%2F, https://www.facebook.com/share.php?u=https%3A%2F%2Fwww.lajarbelle.com%2Findex.php%2Fbienvenue-gite-la-jarbelle-les-orres%2Fcontacts%2F, https://www.instagram.com/gite_lajarbelle/, https://www.instagram.com/lajarbelle/;;;;;;;0;
http://www.auberge-de-la-source.fr/;;contact@auberge-de-la-source.fr;https://www.instagram.com/aubergedelasource/?hl=fr;;;;;;;0;
https://www.hoteledenspa.com/;;;https://www.facebook.com/hoteledenspa, https://www.instagram.com/hoteledenspa/;;;;;;;0;
https://www.hyggechalets-spa.fr/;;;https://www.facebook.com/lehyggechaletgerardmer, https://www.instagram.com/hyggechaletspa/;;;;;;;0;
https://www.lesateliersducucheron.com/;;;;;;;;;;0;
https://toietmoigite.fr/;;;https://www.facebook.com/people/toi-et-moi/61551576387810/, https://www.facebook.com/profile.php?id=61551576387810, https://www.instagram.com/toietmoigite.fr/;;;;;;;0;
https://www.manoir-henri-giraud.com/fr;;;https://www.instagram.com/manoirhenrigiraud/;;;;;;;0;
https://frgite.click/te-vintage-spa-v5jzul;;;;;;;;;;0;
https://www.hotel-radiana.com/;;;http://www.facebook.com/sharer/sharer.php?u=https://www.hotel-radiana.com/&title=Hébergements, http://www.facebook.com/sharer/sharer.php?u=https://www.la-lechere-tourisme.com/mentions-legales/&title=Mentions légales, https://www.facebook.com/Thermes.La.Lechere.Les.Bains/, https://www.instagram.com/radiana_resort_et_spa/;;;;;;;0;
http://www.generaldelbee.fr/;;;;;;;;;;0;
http://www.lescabanesdumoulin.fr/;;;https://www.facebook.com/Lescabanesdumoulin, https://www.instagram.com/lescabanesdumoulin/, https://www.instagram.com/lescabanesdumoulin/?hl=fr;;;;;;;0;
https://www.bhd-lodge.com/;;;https://www.facebook.com/profile.php?id=61568755269003, https://www.instagram.com/bhd.lodge/;;;;;;;0;
http://www.nordiquefrance.com/?utm_source=google&utm_medium=organic&utm_campaign=local;;;https://www.facebook.com/profile.php?id=100095548446127#, https://www.instagram.com/nordiquefrance/;;;;;;;0;
http://www.hotel-liberata.fr/;;;;;;;;;;0;
https://www.hotel-casarossa.com/;;info@hotel-casa-rossa.com;https://www.facebook.com/casarossahotel/, https://www.instagram.com/casarossa_hotel/;;;;;;;0;
http://www.hotel-lapietra.com/;;info@hotel-lapietra.com;https://www.facebook.com/hotelrestaurantlapietra/?locale=fr_FR, https://www.instagram.com/hotellapietra/?hl=fr;;;;;;;0;
http://www.lecoq-gadby.com/?utm_campaign=uberall&utm_source=googlelisting&utm_medium=organic;;;;;;;;;;0;
https://suites47spa.fr/;;;https://www.instagram.com/suite47spa/;;;;;;;0;
http://www.carnaclodge.com/?utm_source=google&utm_medium=organic&utm_campaign=gtm;;contact@carnaclodge.com;https://www.facebook.com/Carnac-Lodge-Hotel-316550255026826/;Francois-andre-marie BEAULIER;dirigeant trouvé via SIREN 494455447 (API recherche-entreprises.api.gouv.fr);francoisandremarie.beaulier@carnaclodge.com;Aucun format validé par SMTP;spool.mail.gandi.net;Non;8;Très faible
https://www.hotel-edenia-carnac.fr/;;contact@hotel-edenia.com, contact@hotel-edenia.fr;https://www.facebook.com/edenia.canopee/, https://www.instagram.com/edenia.canopeecarnac/;Frédéric YANEZ;dirigeant trouvé via SIREN 891206484 (API recherche-entreprises.api.gouv.fr);frederic.yanez@hotel-edenia.com;Aucun format validé par SMTP;mx4.mail.ovh.net;Non;8;Très faible
https://www.le-clos-saint-vincent.com/;;;;;;;;;;0;
https://gites-omessa-haute-corse.fr/;;;;;;;;;;0;
http://www.maisonblanchelocations.com/;;;https://www.facebook.com/LaMaisonBlancheSangatte/, https://www.instagram.com/hotel_maisonblanche_spa/, https://www.instagram.com/maisonblanchespa/;;;;;;;0;
https://www.chateaudefiac.com/;;;https://www.facebook.com/Chateaudefiac/, https://www.facebook.com/thepavilionshotelsandresorts?mibextid=uzlsIk, https://www.instagram.com/chateau_de_fiac/, https://www.instagram.com/thepavilionshotels?igsh=bG54ejhjeGJxa3I=;;;;;;;0;
